ticker,company_name,gics_sector,gics_sub_industry,optionmetrics_ticker,finra_ticker,snapshot_date
MMM,3M,Industrials,Industrial Conglomerates,MMM,MMM,2026-05-04
AOS,A. O. Smith,Industrials,Building Products,AOS,AOS,2026-05-04
ABT,Abbott Laboratories,Health Care,Health Care Equipment,ABT,ABT,2026-05-04
ABBV,AbbVie,Health Care,Biotechnology,ABBV,ABBV,2026-05-04
ACN,Accenture,Information Technology,IT Consulting & Other Services,ACN,ACN,2026-05-04
ADBE,Adobe Inc.,Information Technology,Application Software,ADBE,ADBE,2026-05-04
AMD,Advanced Micro Devices,Information Technology,Semiconductors,AMD,AMD,2026-05-04
AES,AES Corporation,Utilities,Independent Power Producers & Energy Traders,AES,AES,2026-05-04
AFL,Aflac,Financials,Life & Health Insurance,AFL,AFL,2026-05-04
A,Agilent Technologies,Health Care,Life Sciences Tools & Services,A,A,2026-05-04
APD,Air Products,Materials,Industrial Gases,APD,APD,2026-05-04
ABNB,Airbnb,Consumer Discretionary,"Hotels, Resorts & Cruise Lines",ABNB,ABNB,2026-05-04
AKAM,Akamai Technologies,Information Technology,Internet Services & Infrastructure,AKAM,AKAM,2026-05-04
ALB,Albemarle Corporation,Materials,Specialty Chemicals,ALB,ALB,2026-05-04
ARE,Alexandria Real Estate Equities,Real Estate,Office REITs,ARE,ARE,2026-05-04
ALGN,Align Technology,Health Care,Health Care Supplies,ALGN,ALGN,2026-05-04
ALLE,Allegion,Industrials,Building Products,ALLE,ALLE,2026-05-04
LNT,Alliant Energy,Utilities,Electric Utilities,LNT,LNT,2026-05-04
ALL,Allstate,Financials,Property & Casualty Insurance,ALL,ALL,2026-05-04
GOOGL,Alphabet Inc. (Class A),Communication Services,Interactive Media & Services,GOOGL,GOOGL,2026-05-04
GOOG,Alphabet Inc. (Class C),Communication Services,Interactive Media & Services,GOOG,GOOG,2026-05-04
MO,Altria,Consumer Staples,Tobacco,MO,MO,2026-05-04
AMZN,Amazon,Consumer Discretionary,Broadline Retail,AMZN,AMZN,2026-05-04
AMCR,Amcor,Materials,Paper & Plastic Packaging Products & Materials,AMCR,AMCR,2026-05-04
AEE,Ameren,Utilities,Multi-Utilities,AEE,AEE,2026-05-04
AEP,American Electric Power,Utilities,Electric Utilities,AEP,AEP,2026-05-04
AXP,American Express,Financials,Consumer Finance,AXP,AXP,2026-05-04
AIG,American International Group,Financials,Multi-line Insurance,AIG,AIG,2026-05-04
AMT,American Tower,Real Estate,Telecom Tower REITs,AMT,AMT,2026-05-04
AWK,American Water Works,Utilities,Water Utilities,AWK,AWK,2026-05-04
AMP,Ameriprise Financial,Financials,Asset Management & Custody Banks,AMP,AMP,2026-05-04
AME,Ametek,Industrials,Electrical Components & Equipment,AME,AME,2026-05-04
AMGN,Amgen,Health Care,Biotechnology,AMGN,AMGN,2026-05-04
APH,Amphenol,Information Technology,Electronic Components,APH,APH,2026-05-04
ADI,Analog Devices,Information Technology,Semiconductors,ADI,ADI,2026-05-04
AON,Aon plc,Financials,Insurance Brokers,AON,AON,2026-05-04
APA,APA Corporation,Energy,Oil & Gas Exploration & Production,APA,APA,2026-05-04
APO,Apollo Global Management,Financials,Asset Management & Custody Banks,APO,APO,2026-05-04
AAPL,Apple Inc.,Information Technology,"Technology Hardware, Storage & Peripherals",AAPL,AAPL,2026-05-04
AMAT,Applied Materials,Information Technology,Semiconductor Materials & Equipment,AMAT,AMAT,2026-05-04
APTV,Aptiv,Consumer Discretionary,Automotive Parts & Equipment,APTV,APTV,2026-05-04
ACGL,Arch Capital Group,Financials,Property & Casualty Insurance,ACGL,ACGL,2026-05-04
ADM,Archer Daniels Midland,Consumer Staples,Agricultural Products & Services,ADM,ADM,2026-05-04
ANET,Arista Networks,Information Technology,Communications Equipment,ANET,ANET,2026-05-04
AJG,Arthur J. Gallagher & Co.,Financials,Insurance Brokers,AJG,AJG,2026-05-04
AIZ,Assurant,Financials,Multi-line Insurance,AIZ,AIZ,2026-05-04
T,AT&T,Communication Services,Integrated Telecommunication Services,T,T,2026-05-04
ATO,Atmos Energy,Utilities,Gas Utilities,ATO,ATO,2026-05-04
ADSK,Autodesk,Information Technology,Application Software,ADSK,ADSK,2026-05-04
ADP,Automatic Data Processing,Industrials,Human Resource & Employment Services,ADP,ADP,2026-05-04
AZO,AutoZone,Consumer Discretionary,Automotive Retail,AZO,AZO,2026-05-04
AVB,AvalonBay Communities,Real Estate,Multi-Family Residential REITs,AVB,AVB,2026-05-04
AVY,Avery Dennison,Materials,Paper & Plastic Packaging Products & Materials,AVY,AVY,2026-05-04
AXON,Axon Enterprise,Industrials,Aerospace & Defense,AXON,AXON,2026-05-04
BKR,Baker Hughes,Energy,Oil & Gas Equipment & Services,BKR,BKR,2026-05-04
BALL,Ball Corporation,Materials,"Metal, Glass & Plastic Containers",BALL,BALL,2026-05-04
BAC,Bank of America,Financials,Diversified Banks,BAC,BAC,2026-05-04
BAX,Baxter International,Health Care,Health Care Equipment,BAX,BAX,2026-05-04
BDX,Becton Dickinson,Health Care,Health Care Equipment,BDX,BDX,2026-05-04
BRK.B,Berkshire Hathaway,Financials,Multi-Sector Holdings,BRK.B,BRK-B,2026-05-04
BBY,Best Buy,Consumer Discretionary,Computer & Electronics Retail,BBY,BBY,2026-05-04
TECH,Bio-Techne,Health Care,Life Sciences Tools & Services,TECH,TECH,2026-05-04
BIIB,Biogen,Health Care,Biotechnology,BIIB,BIIB,2026-05-04
BLK,BlackRock,Financials,Asset Management & Custody Banks,BLK,BLK,2026-05-04
BX,Blackstone Inc.,Financials,Asset Management & Custody Banks,BX,BX,2026-05-04
XYZ,"Block, Inc.",Financials,Transaction & Payment Processing Services,XYZ,XYZ,2026-05-04
BK,BNY Mellon,Financials,Asset Management & Custody Banks,BK,BK,2026-05-04
BA,Boeing,Industrials,Aerospace & Defense,BA,BA,2026-05-04
BKNG,Booking Holdings,Consumer Discretionary,"Hotels, Resorts & Cruise Lines",BKNG,BKNG,2026-05-04
BSX,Boston Scientific,Health Care,Health Care Equipment,BSX,BSX,2026-05-04
BMY,Bristol Myers Squibb,Health Care,Pharmaceuticals,BMY,BMY,2026-05-04
AVGO,Broadcom,Information Technology,Semiconductors,AVGO,AVGO,2026-05-04
BR,Broadridge Financial Solutions,Industrials,Data Processing & Outsourced Services,BR,BR,2026-05-04
BRO,Brown & Brown,Financials,Insurance Brokers,BRO,BRO,2026-05-04
BF.B,Brown–Forman,Consumer Staples,Distillers & Vintners,BF.B,BF-B,2026-05-04
BLDR,Builders FirstSource,Industrials,Building Products,BLDR,BLDR,2026-05-04
BG,Bunge Global,Consumer Staples,Agricultural Products & Services,BG,BG,2026-05-04
BXP,"BXP, Inc.",Real Estate,Office REITs,BXP,BXP,2026-05-04
CHRW,C.H. Robinson,Industrials,Air Freight & Logistics,CHRW,CHRW,2026-05-04
CDNS,Cadence Design Systems,Information Technology,Application Software,CDNS,CDNS,2026-05-04
CZR,Caesars Entertainment,Consumer Discretionary,Casinos & Gaming,CZR,CZR,2026-05-04
CPT,Camden Property Trust,Real Estate,Multi-Family Residential REITs,CPT,CPT,2026-05-04
CPB,Campbell's Company (The),Consumer Staples,Packaged Foods & Meats,CPB,CPB,2026-05-04
COF,Capital One,Financials,Consumer Finance,COF,COF,2026-05-04
CAH,Cardinal Health,Health Care,Health Care Distributors,CAH,CAH,2026-05-04
KMX,CarMax,Consumer Discretionary,Automotive Retail,KMX,KMX,2026-05-04
CCL,Carnival,Consumer Discretionary,"Hotels, Resorts & Cruise Lines",CCL,CCL,2026-05-04
CARR,Carrier Global,Industrials,Building Products,CARR,CARR,2026-05-04
CAT,Caterpillar Inc.,Industrials,Construction Machinery & Heavy Transportation Equipment,CAT,CAT,2026-05-04
CBOE,Cboe Global Markets,Financials,Financial Exchanges & Data,CBOE,CBOE,2026-05-04
CBRE,CBRE Group,Real Estate,Real Estate Services,CBRE,CBRE,2026-05-04
CDW,CDW Corporation,Information Technology,Technology Distributors,CDW,CDW,2026-05-04
COR,Cencora,Health Care,Health Care Distributors,COR,COR,2026-05-04
CNC,Centene Corporation,Health Care,Managed Health Care,CNC,CNC,2026-05-04
CNP,CenterPoint Energy,Utilities,Multi-Utilities,CNP,CNP,2026-05-04
CF,CF Industries,Materials,Fertilizers & Agricultural Chemicals,CF,CF,2026-05-04
CRL,Charles River Laboratories,Health Care,Life Sciences Tools & Services,CRL,CRL,2026-05-04
SCHW,Charles Schwab Corporation,Financials,Investment Banking & Brokerage,SCHW,SCHW,2026-05-04
CHTR,Charter Communications,Communication Services,Cable & Satellite,CHTR,CHTR,2026-05-04
CVX,Chevron Corporation,Energy,Integrated Oil & Gas,CVX,CVX,2026-05-04
CMG,Chipotle Mexican Grill,Consumer Discretionary,Restaurants,CMG,CMG,2026-05-04
CB,Chubb Limited,Financials,Property & Casualty Insurance,CB,CB,2026-05-04
CHD,Church & Dwight,Consumer Staples,Household Products,CHD,CHD,2026-05-04
CI,Cigna,Health Care,Health Care Services,CI,CI,2026-05-04
CINF,Cincinnati Financial,Financials,Property & Casualty Insurance,CINF,CINF,2026-05-04
CTAS,Cintas,Industrials,Diversified Support Services,CTAS,CTAS,2026-05-04
CSCO,Cisco,Information Technology,Communications Equipment,CSCO,CSCO,2026-05-04
C,Citigroup,Financials,Diversified Banks,C,C,2026-05-04
CFG,Citizens Financial Group,Financials,Regional Banks,CFG,CFG,2026-05-04
CLX,Clorox,Consumer Staples,Household Products,CLX,CLX,2026-05-04
CME,CME Group,Financials,Financial Exchanges & Data,CME,CME,2026-05-04
CMS,CMS Energy,Utilities,Multi-Utilities,CMS,CMS,2026-05-04
KO,Coca-Cola Company (The),Consumer Staples,Soft Drinks & Non-alcoholic Beverages,KO,KO,2026-05-04
CTSH,Cognizant,Information Technology,IT Consulting & Other Services,CTSH,CTSH,2026-05-04
COIN,Coinbase,Financials,Financial Exchanges & Data,COIN,COIN,2026-05-04
CL,Colgate-Palmolive,Consumer Staples,Household Products,CL,CL,2026-05-04
CMCSA,Comcast,Communication Services,Cable & Satellite,CMCSA,CMCSA,2026-05-04
CAG,Conagra Brands,Consumer Staples,Packaged Foods & Meats,CAG,CAG,2026-05-04
COP,ConocoPhillips,Energy,Oil & Gas Exploration & Production,COP,COP,2026-05-04
ED,Consolidated Edison,Utilities,Multi-Utilities,ED,ED,2026-05-04
STZ,Constellation Brands,Consumer Staples,Distillers & Vintners,STZ,STZ,2026-05-04
CEG,Constellation Energy,Utilities,Electric Utilities,CEG,CEG,2026-05-04
COO,Cooper Companies (The),Health Care,Health Care Supplies,COO,COO,2026-05-04
CPRT,Copart,Industrials,Diversified Support Services,CPRT,CPRT,2026-05-04
GLW,Corning Inc.,Information Technology,Electronic Components,GLW,GLW,2026-05-04
CPAY,Corpay,Financials,Transaction & Payment Processing Services,CPAY,CPAY,2026-05-04
CTVA,Corteva,Materials,Fertilizers & Agricultural Chemicals,CTVA,CTVA,2026-05-04
CSGP,CoStar Group,Real Estate,Real Estate Services,CSGP,CSGP,2026-05-04
COST,Costco,Consumer Staples,Consumer Staples Merchandise Retail,COST,COST,2026-05-04
CTRA,Coterra,Energy,Oil & Gas Exploration & Production,CTRA,CTRA,2026-05-04
CRWD,CrowdStrike,Information Technology,Systems Software,CRWD,CRWD,2026-05-04
CCI,Crown Castle,Real Estate,Telecom Tower REITs,CCI,CCI,2026-05-04
CSX,CSX Corporation,Industrials,Rail Transportation,CSX,CSX,2026-05-04
CMI,Cummins,Industrials,Construction Machinery & Heavy Transportation Equipment,CMI,CMI,2026-05-04
CVS,CVS Health,Health Care,Health Care Services,CVS,CVS,2026-05-04
DHR,Danaher Corporation,Health Care,Life Sciences Tools & Services,DHR,DHR,2026-05-04
DRI,Darden Restaurants,Consumer Discretionary,Restaurants,DRI,DRI,2026-05-04
DDOG,Datadog,Information Technology,Application Software,DDOG,DDOG,2026-05-04
DVA,DaVita,Health Care,Health Care Services,DVA,DVA,2026-05-04
DAY,Dayforce,Industrials,Human Resource & Employment Services,DAY,DAY,2026-05-04
DECK,Deckers Brands,Consumer Discretionary,Footwear,DECK,DECK,2026-05-04
DE,Deere & Company,Industrials,Agricultural & Farm Machinery,DE,DE,2026-05-04
DELL,Dell Technologies,Information Technology,"Technology Hardware, Storage & Peripherals",DELL,DELL,2026-05-04
DAL,Delta Air Lines,Industrials,Passenger Airlines,DAL,DAL,2026-05-04
DVN,Devon Energy,Energy,Oil & Gas Exploration & Production,DVN,DVN,2026-05-04
DXCM,Dexcom,Health Care,Health Care Equipment,DXCM,DXCM,2026-05-04
FANG,Diamondback Energy,Energy,Oil & Gas Exploration & Production,FANG,FANG,2026-05-04
DLR,Digital Realty,Real Estate,Data Center REITs,DLR,DLR,2026-05-04
DG,Dollar General,Consumer Staples,Consumer Staples Merchandise Retail,DG,DG,2026-05-04
DLTR,Dollar Tree,Consumer Staples,Consumer Staples Merchandise Retail,DLTR,DLTR,2026-05-04
D,Dominion Energy,Utilities,Multi-Utilities,D,D,2026-05-04
DPZ,Domino's,Consumer Discretionary,Restaurants,DPZ,DPZ,2026-05-04
DASH,DoorDash,Consumer Discretionary,Specialized Consumer Services,DASH,DASH,2026-05-04
DOV,Dover Corporation,Industrials,Industrial Machinery & Supplies & Components,DOV,DOV,2026-05-04
DOW,Dow Inc.,Materials,Commodity Chemicals,DOW,DOW,2026-05-04
DHI,D. R. Horton,Consumer Discretionary,Homebuilding,DHI,DHI,2026-05-04
DTE,DTE Energy,Utilities,Multi-Utilities,DTE,DTE,2026-05-04
DUK,Duke Energy,Utilities,Electric Utilities,DUK,DUK,2026-05-04
DD,DuPont,Materials,Specialty Chemicals,DD,DD,2026-05-04
EMN,Eastman Chemical Company,Materials,Specialty Chemicals,EMN,EMN,2026-05-04
ETN,Eaton Corporation,Industrials,Electrical Components & Equipment,ETN,ETN,2026-05-04
EBAY,eBay Inc.,Consumer Discretionary,Broadline Retail,EBAY,EBAY,2026-05-04
ECL,Ecolab,Materials,Specialty Chemicals,ECL,ECL,2026-05-04
EIX,Edison International,Utilities,Electric Utilities,EIX,EIX,2026-05-04
EW,Edwards Lifesciences,Health Care,Health Care Equipment,EW,EW,2026-05-04
EA,Electronic Arts,Communication Services,Interactive Home Entertainment,EA,EA,2026-05-04
ELV,Elevance Health,Health Care,Managed Health Care,ELV,ELV,2026-05-04
EMR,Emerson Electric,Industrials,Electrical Components & Equipment,EMR,EMR,2026-05-04
ENPH,Enphase Energy,Information Technology,Semiconductor Materials & Equipment,ENPH,ENPH,2026-05-04
ETR,Entergy,Utilities,Electric Utilities,ETR,ETR,2026-05-04
EOG,EOG Resources,Energy,Oil & Gas Exploration & Production,EOG,EOG,2026-05-04
EPAM,EPAM Systems,Information Technology,IT Consulting & Other Services,EPAM,EPAM,2026-05-04
EQT,EQT Corporation,Energy,Oil & Gas Exploration & Production,EQT,EQT,2026-05-04
EFX,Equifax,Industrials,Research & Consulting Services,EFX,EFX,2026-05-04
EQIX,Equinix,Real Estate,Data Center REITs,EQIX,EQIX,2026-05-04
EQR,Equity Residential,Real Estate,Multi-Family Residential REITs,EQR,EQR,2026-05-04
ERIE,Erie Indemnity,Financials,Insurance Brokers,ERIE,ERIE,2026-05-04
ESS,Essex Property Trust,Real Estate,Multi-Family Residential REITs,ESS,ESS,2026-05-04
EL,Estée Lauder Companies (The),Consumer Staples,Personal Care Products,EL,EL,2026-05-04
EG,Everest Group,Financials,Reinsurance,EG,EG,2026-05-04
EVRG,Evergy,Utilities,Electric Utilities,EVRG,EVRG,2026-05-04
ES,Eversource Energy,Utilities,Electric Utilities,ES,ES,2026-05-04
EXC,Exelon,Utilities,Electric Utilities,EXC,EXC,2026-05-04
EXE,Expand Energy,Energy,Oil & Gas Exploration & Production,EXE,EXE,2026-05-04
EXPE,Expedia Group,Consumer Discretionary,"Hotels, Resorts & Cruise Lines",EXPE,EXPE,2026-05-04
EXPD,Expeditors International,Industrials,Air Freight & Logistics,EXPD,EXPD,2026-05-04
EXR,Extra Space Storage,Real Estate,Self-Storage REITs,EXR,EXR,2026-05-04
XOM,ExxonMobil,Energy,Integrated Oil & Gas,XOM,XOM,2026-05-04
FFIV,"F5, Inc.",Information Technology,Communications Equipment,FFIV,FFIV,2026-05-04
FDS,FactSet,Financials,Financial Exchanges & Data,FDS,FDS,2026-05-04
FICO,Fair Isaac,Information Technology,Application Software,FICO,FICO,2026-05-04
FAST,Fastenal,Industrials,Trading Companies & Distributors,FAST,FAST,2026-05-04
FRT,Federal Realty Investment Trust,Real Estate,Retail REITs,FRT,FRT,2026-05-04
FDX,FedEx,Industrials,Air Freight & Logistics,FDX,FDX,2026-05-04
FIS,Fidelity National Information Services,Financials,Transaction & Payment Processing Services,FIS,FIS,2026-05-04
FITB,Fifth Third Bancorp,Financials,Regional Banks,FITB,FITB,2026-05-04
FSLR,First Solar,Information Technology,Semiconductors,FSLR,FSLR,2026-05-04
FE,FirstEnergy,Utilities,Electric Utilities,FE,FE,2026-05-04
FI,Fiserv,Financials,Transaction & Payment Processing Services,FI,FI,2026-05-04
F,Ford Motor Company,Consumer Discretionary,Automobile Manufacturers,F,F,2026-05-04
FTNT,Fortinet,Information Technology,Systems Software,FTNT,FTNT,2026-05-04
FTV,Fortive,Industrials,Industrial Machinery & Supplies & Components,FTV,FTV,2026-05-04
FOXA,Fox Corporation (Class A),Communication Services,Broadcasting,FOXA,FOXA,2026-05-04
FOX,Fox Corporation (Class B),Communication Services,Broadcasting,FOX,FOX,2026-05-04
BEN,Franklin Resources,Financials,Asset Management & Custody Banks,BEN,BEN,2026-05-04
FCX,Freeport-McMoRan,Materials,Copper,FCX,FCX,2026-05-04
GRMN,Garmin,Consumer Discretionary,Consumer Electronics,GRMN,GRMN,2026-05-04
IT,Gartner,Information Technology,IT Consulting & Other Services,IT,IT,2026-05-04
GE,GE Aerospace,Industrials,Aerospace & Defense,GE,GE,2026-05-04
GEHC,GE HealthCare,Health Care,Health Care Equipment,GEHC,GEHC,2026-05-04
GEV,GE Vernova,Industrials,Heavy Electrical Equipment,GEV,GEV,2026-05-04
GEN,Gen Digital,Information Technology,Systems Software,GEN,GEN,2026-05-04
GNRC,Generac,Industrials,Electrical Components & Equipment,GNRC,GNRC,2026-05-04
GD,General Dynamics,Industrials,Aerospace & Defense,GD,GD,2026-05-04
GIS,General Mills,Consumer Staples,Packaged Foods & Meats,GIS,GIS,2026-05-04
GM,General Motors,Consumer Discretionary,Automobile Manufacturers,GM,GM,2026-05-04
GPC,Genuine Parts Company,Consumer Discretionary,Distributors,GPC,GPC,2026-05-04
GILD,Gilead Sciences,Health Care,Biotechnology,GILD,GILD,2026-05-04
GPN,Global Payments,Financials,Transaction & Payment Processing Services,GPN,GPN,2026-05-04
GL,Globe Life,Financials,Life & Health Insurance,GL,GL,2026-05-04
GDDY,GoDaddy,Information Technology,Internet Services & Infrastructure,GDDY,GDDY,2026-05-04
GS,Goldman Sachs,Financials,Investment Banking & Brokerage,GS,GS,2026-05-04
HAL,Halliburton,Energy,Oil & Gas Equipment & Services,HAL,HAL,2026-05-04
HIG,Hartford (The),Financials,Property & Casualty Insurance,HIG,HIG,2026-05-04
HAS,Hasbro,Consumer Discretionary,Leisure Products,HAS,HAS,2026-05-04
HCA,HCA Healthcare,Health Care,Health Care Facilities,HCA,HCA,2026-05-04
DOC,Healthpeak Properties,Real Estate,Health Care REITs,DOC,DOC,2026-05-04
HSIC,Henry Schein,Health Care,Health Care Distributors,HSIC,HSIC,2026-05-04
HSY,Hershey Company (The),Consumer Staples,Packaged Foods & Meats,HSY,HSY,2026-05-04
HPE,Hewlett Packard Enterprise,Information Technology,"Technology Hardware, Storage & Peripherals",HPE,HPE,2026-05-04
HLT,Hilton Worldwide,Consumer Discretionary,"Hotels, Resorts & Cruise Lines",HLT,HLT,2026-05-04
HOLX,Hologic,Health Care,Health Care Equipment,HOLX,HOLX,2026-05-04
HD,Home Depot (The),Consumer Discretionary,Home Improvement Retail,HD,HD,2026-05-04
HON,Honeywell,Industrials,Industrial Conglomerates,HON,HON,2026-05-04
HRL,Hormel Foods,Consumer Staples,Packaged Foods & Meats,HRL,HRL,2026-05-04
HST,Host Hotels & Resorts,Real Estate,Hotel & Resort REITs,HST,HST,2026-05-04
HWM,Howmet Aerospace,Industrials,Aerospace & Defense,HWM,HWM,2026-05-04
HPQ,HP Inc.,Information Technology,"Technology Hardware, Storage & Peripherals",HPQ,HPQ,2026-05-04
HUBB,Hubbell Incorporated,Industrials,Industrial Machinery & Supplies & Components,HUBB,HUBB,2026-05-04
HUM,Humana,Health Care,Managed Health Care,HUM,HUM,2026-05-04
HBAN,Huntington Bancshares,Financials,Regional Banks,HBAN,HBAN,2026-05-04
HII,Huntington Ingalls Industries,Industrials,Aerospace & Defense,HII,HII,2026-05-04
IBM,IBM,Information Technology,IT Consulting & Other Services,IBM,IBM,2026-05-04
IEX,IDEX Corporation,Industrials,Industrial Machinery & Supplies & Components,IEX,IEX,2026-05-04
IDXX,Idexx Laboratories,Health Care,Health Care Equipment,IDXX,IDXX,2026-05-04
ITW,Illinois Tool Works,Industrials,Industrial Machinery & Supplies & Components,ITW,ITW,2026-05-04
INCY,Incyte,Health Care,Biotechnology,INCY,INCY,2026-05-04
IR,Ingersoll Rand,Industrials,Industrial Machinery & Supplies & Components,IR,IR,2026-05-04
PODD,Insulet Corporation,Health Care,Health Care Equipment,PODD,PODD,2026-05-04
INTC,Intel,Information Technology,Semiconductors,INTC,INTC,2026-05-04
ICE,Intercontinental Exchange,Financials,Financial Exchanges & Data,ICE,ICE,2026-05-04
IFF,International Flavors & Fragrances,Materials,Specialty Chemicals,IFF,IFF,2026-05-04
IP,International Paper,Materials,Paper & Plastic Packaging Products & Materials,IP,IP,2026-05-04
IPG,Interpublic Group of Companies (The),Communication Services,Advertising,IPG,IPG,2026-05-04
INTU,Intuit,Information Technology,Application Software,INTU,INTU,2026-05-04
ISRG,Intuitive Surgical,Health Care,Health Care Equipment,ISRG,ISRG,2026-05-04
IVZ,Invesco,Financials,Asset Management & Custody Banks,IVZ,IVZ,2026-05-04
INVH,Invitation Homes,Real Estate,Single-Family Residential REITs,INVH,INVH,2026-05-04
IQV,IQVIA,Health Care,Life Sciences Tools & Services,IQV,IQV,2026-05-04
IRM,Iron Mountain,Real Estate,Other Specialized REITs,IRM,IRM,2026-05-04
JBHT,J.B. Hunt,Industrials,Cargo Ground Transportation,JBHT,JBHT,2026-05-04
JBL,Jabil,Information Technology,Electronic Manufacturing Services,JBL,JBL,2026-05-04
JKHY,Jack Henry & Associates,Financials,Transaction & Payment Processing Services,JKHY,JKHY,2026-05-04
J,Jacobs Solutions,Industrials,Construction & Engineering,J,J,2026-05-04
JNJ,Johnson & Johnson,Health Care,Pharmaceuticals,JNJ,JNJ,2026-05-04
JCI,Johnson Controls,Industrials,Building Products,JCI,JCI,2026-05-04
JPM,JPMorgan Chase,Financials,Diversified Banks,JPM,JPM,2026-05-04
K,Kellanova,Consumer Staples,Packaged Foods & Meats,K,K,2026-05-04
KVUE,Kenvue,Consumer Staples,Personal Care Products,KVUE,KVUE,2026-05-04
KDP,Keurig Dr Pepper,Consumer Staples,Soft Drinks & Non-alcoholic Beverages,KDP,KDP,2026-05-04
KEY,KeyCorp,Financials,Regional Banks,KEY,KEY,2026-05-04
KEYS,Keysight Technologies,Information Technology,Electronic Equipment & Instruments,KEYS,KEYS,2026-05-04
KMB,Kimberly-Clark,Consumer Staples,Household Products,KMB,KMB,2026-05-04
KIM,Kimco Realty,Real Estate,Retail REITs,KIM,KIM,2026-05-04
KMI,Kinder Morgan,Energy,Oil & Gas Storage & Transportation,KMI,KMI,2026-05-04
KKR,KKR & Co.,Financials,Asset Management & Custody Banks,KKR,KKR,2026-05-04
KLAC,KLA Corporation,Information Technology,Semiconductor Materials & Equipment,KLAC,KLAC,2026-05-04
KHC,Kraft Heinz,Consumer Staples,Packaged Foods & Meats,KHC,KHC,2026-05-04
KR,Kroger,Consumer Staples,Food Retail,KR,KR,2026-05-04
LHX,L3Harris,Industrials,Aerospace & Defense,LHX,LHX,2026-05-04
LH,Labcorp,Health Care,Health Care Services,LH,LH,2026-05-04
LRCX,Lam Research,Information Technology,Semiconductor Materials & Equipment,LRCX,LRCX,2026-05-04
LW,Lamb Weston,Consumer Staples,Packaged Foods & Meats,LW,LW,2026-05-04
LVS,Las Vegas Sands,Consumer Discretionary,Casinos & Gaming,LVS,LVS,2026-05-04
LDOS,Leidos,Industrials,Diversified Support Services,LDOS,LDOS,2026-05-04
LEN,Lennar,Consumer Discretionary,Homebuilding,LEN,LEN,2026-05-04
LII,Lennox International,Industrials,Building Products,LII,LII,2026-05-04
LLY,Lilly (Eli),Health Care,Pharmaceuticals,LLY,LLY,2026-05-04
LIN,Linde plc,Materials,Industrial Gases,LIN,LIN,2026-05-04
LYV,Live Nation Entertainment,Communication Services,Movies & Entertainment,LYV,LYV,2026-05-04
LKQ,LKQ Corporation,Consumer Discretionary,Distributors,LKQ,LKQ,2026-05-04
LMT,Lockheed Martin,Industrials,Aerospace & Defense,LMT,LMT,2026-05-04
L,Loews Corporation,Financials,Multi-line Insurance,L,L,2026-05-04
LOW,Lowe's,Consumer Discretionary,Home Improvement Retail,LOW,LOW,2026-05-04
LULU,Lululemon Athletica,Consumer Discretionary,"Apparel, Accessories & Luxury Goods",LULU,LULU,2026-05-04
LYB,LyondellBasell,Materials,Specialty Chemicals,LYB,LYB,2026-05-04
MTB,M&T Bank,Financials,Regional Banks,MTB,MTB,2026-05-04
MPC,Marathon Petroleum,Energy,Oil & Gas Refining & Marketing,MPC,MPC,2026-05-04
MKTX,MarketAxess,Financials,Financial Exchanges & Data,MKTX,MKTX,2026-05-04
MAR,Marriott International,Consumer Discretionary,"Hotels, Resorts & Cruise Lines",MAR,MAR,2026-05-04
MMC,Marsh McLennan,Financials,Insurance Brokers,MMC,MMC,2026-05-04
MLM,Martin Marietta Materials,Materials,Construction Materials,MLM,MLM,2026-05-04
MAS,Masco,Industrials,Building Products,MAS,MAS,2026-05-04
MA,Mastercard,Financials,Transaction & Payment Processing Services,MA,MA,2026-05-04
MTCH,Match Group,Communication Services,Interactive Media & Services,MTCH,MTCH,2026-05-04
MKC,McCormick & Company,Consumer Staples,Packaged Foods & Meats,MKC,MKC,2026-05-04
MCD,McDonald's,Consumer Discretionary,Restaurants,MCD,MCD,2026-05-04
MCK,McKesson Corporation,Health Care,Health Care Distributors,MCK,MCK,2026-05-04
MDT,Medtronic,Health Care,Health Care Equipment,MDT,MDT,2026-05-04
MRK,Merck & Co.,Health Care,Pharmaceuticals,MRK,MRK,2026-05-04
META,Meta Platforms,Communication Services,Interactive Media & Services,META,META,2026-05-04
MET,MetLife,Financials,Life & Health Insurance,MET,MET,2026-05-04
MTD,Mettler Toledo,Health Care,Life Sciences Tools & Services,MTD,MTD,2026-05-04
MGM,MGM Resorts,Consumer Discretionary,Casinos & Gaming,MGM,MGM,2026-05-04
MCHP,Microchip Technology,Information Technology,Semiconductors,MCHP,MCHP,2026-05-04
MU,Micron Technology,Information Technology,Semiconductors,MU,MU,2026-05-04
MSFT,Microsoft,Information Technology,Systems Software,MSFT,MSFT,2026-05-04
MAA,Mid-America Apartment Communities,Real Estate,Multi-Family Residential REITs,MAA,MAA,2026-05-04
MRNA,Moderna,Health Care,Biotechnology,MRNA,MRNA,2026-05-04
MHK,Mohawk Industries,Consumer Discretionary,Home Furnishings,MHK,MHK,2026-05-04
MOH,Molina Healthcare,Health Care,Managed Health Care,MOH,MOH,2026-05-04
TAP,Molson Coors Beverage Company,Consumer Staples,Brewers,TAP,TAP,2026-05-04
MDLZ,Mondelez International,Consumer Staples,Packaged Foods & Meats,MDLZ,MDLZ,2026-05-04
MPWR,Monolithic Power Systems,Information Technology,Semiconductors,MPWR,MPWR,2026-05-04
MNST,Monster Beverage,Consumer Staples,Soft Drinks & Non-alcoholic Beverages,MNST,MNST,2026-05-04
MCO,Moody's Corporation,Financials,Financial Exchanges & Data,MCO,MCO,2026-05-04
MS,Morgan Stanley,Financials,Investment Banking & Brokerage,MS,MS,2026-05-04
MOS,Mosaic Company (The),Materials,Fertilizers & Agricultural Chemicals,MOS,MOS,2026-05-04
MSI,Motorola Solutions,Information Technology,Communications Equipment,MSI,MSI,2026-05-04
MSCI,MSCI Inc.,Financials,Financial Exchanges & Data,MSCI,MSCI,2026-05-04
NDAQ,"Nasdaq, Inc.",Financials,Financial Exchanges & Data,NDAQ,NDAQ,2026-05-04
NTAP,NetApp,Information Technology,"Technology Hardware, Storage & Peripherals",NTAP,NTAP,2026-05-04
NFLX,Netflix,Communication Services,Movies & Entertainment,NFLX,NFLX,2026-05-04
NEM,Newmont,Materials,Gold,NEM,NEM,2026-05-04
NWSA,News Corp (Class A),Communication Services,Publishing,NWSA,NWSA,2026-05-04
NWS,News Corp (Class B),Communication Services,Publishing,NWS,NWS,2026-05-04
NEE,NextEra Energy,Utilities,Multi-Utilities,NEE,NEE,2026-05-04
NKE,"Nike, Inc.",Consumer Discretionary,"Apparel, Accessories & Luxury Goods",NKE,NKE,2026-05-04
NI,NiSource,Utilities,Multi-Utilities,NI,NI,2026-05-04
NDSN,Nordson Corporation,Industrials,Industrial Machinery & Supplies & Components,NDSN,NDSN,2026-05-04
NSC,Norfolk Southern,Industrials,Rail Transportation,NSC,NSC,2026-05-04
NTRS,Northern Trust,Financials,Asset Management & Custody Banks,NTRS,NTRS,2026-05-04
NOC,Northrop Grumman,Industrials,Aerospace & Defense,NOC,NOC,2026-05-04
NCLH,Norwegian Cruise Line Holdings,Consumer Discretionary,"Hotels, Resorts & Cruise Lines",NCLH,NCLH,2026-05-04
NRG,NRG Energy,Utilities,Independent Power Producers & Energy Traders,NRG,NRG,2026-05-04
NUE,Nucor,Materials,Steel,NUE,NUE,2026-05-04
NVDA,Nvidia,Information Technology,Semiconductors,NVDA,NVDA,2026-05-04
NVR,"NVR, Inc.",Consumer Discretionary,Homebuilding,NVR,NVR,2026-05-04
NXPI,NXP Semiconductors,Information Technology,Semiconductors,NXPI,NXPI,2026-05-04
ORLY,O’Reilly Automotive,Consumer Discretionary,Automotive Retail,ORLY,ORLY,2026-05-04
OXY,Occidental Petroleum,Energy,Oil & Gas Exploration & Production,OXY,OXY,2026-05-04
ODFL,Old Dominion,Industrials,Cargo Ground Transportation,ODFL,ODFL,2026-05-04
OMC,Omnicom Group,Communication Services,Advertising,OMC,OMC,2026-05-04
ON,ON Semiconductor,Information Technology,Semiconductors,ON,ON,2026-05-04
OKE,Oneok,Energy,Oil & Gas Storage & Transportation,OKE,OKE,2026-05-04
ORCL,Oracle Corporation,Information Technology,Application Software,ORCL,ORCL,2026-05-04
OTIS,Otis Worldwide,Industrials,Industrial Machinery & Supplies & Components,OTIS,OTIS,2026-05-04
PCAR,Paccar,Industrials,Construction Machinery & Heavy Transportation Equipment,PCAR,PCAR,2026-05-04
PKG,Packaging Corporation of America,Materials,Paper & Plastic Packaging Products & Materials,PKG,PKG,2026-05-04
PLTR,Palantir Technologies,Information Technology,Application Software,PLTR,PLTR,2026-05-04
PANW,Palo Alto Networks,Information Technology,Systems Software,PANW,PANW,2026-05-04
PSKY,Paramount Skydance Corporation,Communication Services,Movies & Entertainment,PSKY,PSKY,2026-05-04
PH,Parker Hannifin,Industrials,Industrial Machinery & Supplies & Components,PH,PH,2026-05-04
PAYX,Paychex,Industrials,Human Resource & Employment Services,PAYX,PAYX,2026-05-04
PAYC,Paycom,Industrials,Human Resource & Employment Services,PAYC,PAYC,2026-05-04
PYPL,PayPal,Financials,Transaction & Payment Processing Services,PYPL,PYPL,2026-05-04
PNR,Pentair,Industrials,Industrial Machinery & Supplies & Components,PNR,PNR,2026-05-04
PEP,PepsiCo,Consumer Staples,Soft Drinks & Non-alcoholic Beverages,PEP,PEP,2026-05-04
PFE,Pfizer,Health Care,Pharmaceuticals,PFE,PFE,2026-05-04
PCG,PG&E Corporation,Utilities,Multi-Utilities,PCG,PCG,2026-05-04
PM,Philip Morris International,Consumer Staples,Tobacco,PM,PM,2026-05-04
PSX,Phillips 66,Energy,Oil & Gas Refining & Marketing,PSX,PSX,2026-05-04
PNW,Pinnacle West Capital,Utilities,Multi-Utilities,PNW,PNW,2026-05-04
PNC,PNC Financial Services,Financials,Diversified Banks,PNC,PNC,2026-05-04
POOL,Pool Corporation,Consumer Discretionary,Distributors,POOL,POOL,2026-05-04
PPG,PPG Industries,Materials,Specialty Chemicals,PPG,PPG,2026-05-04
PPL,PPL Corporation,Utilities,Electric Utilities,PPL,PPL,2026-05-04
PFG,Principal Financial Group,Financials,Life & Health Insurance,PFG,PFG,2026-05-04
PG,Procter & Gamble,Consumer Staples,Personal Care Products,PG,PG,2026-05-04
PGR,Progressive Corporation,Financials,Property & Casualty Insurance,PGR,PGR,2026-05-04
PLD,Prologis,Real Estate,Industrial REITs,PLD,PLD,2026-05-04
PRU,Prudential Financial,Financials,Life & Health Insurance,PRU,PRU,2026-05-04
PEG,Public Service Enterprise Group,Utilities,Electric Utilities,PEG,PEG,2026-05-04
PTC,PTC Inc.,Information Technology,Application Software,PTC,PTC,2026-05-04
PSA,Public Storage,Real Estate,Self-Storage REITs,PSA,PSA,2026-05-04
PHM,PulteGroup,Consumer Discretionary,Homebuilding,PHM,PHM,2026-05-04
PWR,Quanta Services,Industrials,Construction & Engineering,PWR,PWR,2026-05-04
QCOM,Qualcomm,Information Technology,Semiconductors,QCOM,QCOM,2026-05-04
DGX,Quest Diagnostics,Health Care,Health Care Services,DGX,DGX,2026-05-04
RL,Ralph Lauren Corporation,Consumer Discretionary,"Apparel, Accessories & Luxury Goods",RL,RL,2026-05-04
RJF,Raymond James Financial,Financials,Investment Banking & Brokerage,RJF,RJF,2026-05-04
RTX,RTX Corporation,Industrials,Aerospace & Defense,RTX,RTX,2026-05-04
O,Realty Income,Real Estate,Retail REITs,O,O,2026-05-04
REG,Regency Centers,Real Estate,Retail REITs,REG,REG,2026-05-04
REGN,Regeneron Pharmaceuticals,Health Care,Biotechnology,REGN,REGN,2026-05-04
RF,Regions Financial Corporation,Financials,Regional Banks,RF,RF,2026-05-04
RSG,Republic Services,Industrials,Environmental & Facilities Services,RSG,RSG,2026-05-04
RMD,ResMed,Health Care,Health Care Equipment,RMD,RMD,2026-05-04
RVTY,Revvity,Health Care,Health Care Equipment,RVTY,RVTY,2026-05-04
ROK,Rockwell Automation,Industrials,Electrical Components & Equipment,ROK,ROK,2026-05-04
ROL,"Rollins, Inc.",Industrials,Environmental & Facilities Services,ROL,ROL,2026-05-04
ROP,Roper Technologies,Information Technology,Electronic Equipment & Instruments,ROP,ROP,2026-05-04
ROST,Ross Stores,Consumer Discretionary,Apparel Retail,ROST,ROST,2026-05-04
RCL,Royal Caribbean Group,Consumer Discretionary,"Hotels, Resorts & Cruise Lines",RCL,RCL,2026-05-04
SPGI,S&P Global,Financials,Financial Exchanges & Data,SPGI,SPGI,2026-05-04
CRM,Salesforce,Information Technology,Application Software,CRM,CRM,2026-05-04
SBAC,SBA Communications,Real Estate,Telecom Tower REITs,SBAC,SBAC,2026-05-04
SLB,Schlumberger,Energy,Oil & Gas Equipment & Services,SLB,SLB,2026-05-04
STX,Seagate Technology,Information Technology,"Technology Hardware, Storage & Peripherals",STX,STX,2026-05-04
SRE,Sempra,Utilities,Multi-Utilities,SRE,SRE,2026-05-04
NOW,ServiceNow,Information Technology,Systems Software,NOW,NOW,2026-05-04
SHW,Sherwin-Williams,Materials,Specialty Chemicals,SHW,SHW,2026-05-04
SPG,Simon Property Group,Real Estate,Retail REITs,SPG,SPG,2026-05-04
SWKS,Skyworks Solutions,Information Technology,Semiconductors,SWKS,SWKS,2026-05-04
SJM,J.M. Smucker Company (The),Consumer Staples,Packaged Foods & Meats,SJM,SJM,2026-05-04
SW,Smurfit Westrock,Materials,Paper & Plastic Packaging Products & Materials,SW,SW,2026-05-04
SNA,Snap-on,Industrials,Industrial Machinery & Supplies & Components,SNA,SNA,2026-05-04
SOLV,Solventum,Health Care,Health Care Technology,SOLV,SOLV,2026-05-04
SO,Southern Company,Utilities,Electric Utilities,SO,SO,2026-05-04
LUV,Southwest Airlines,Industrials,Passenger Airlines,LUV,LUV,2026-05-04
SWK,Stanley Black & Decker,Industrials,Industrial Machinery & Supplies & Components,SWK,SWK,2026-05-04
SBUX,Starbucks,Consumer Discretionary,Restaurants,SBUX,SBUX,2026-05-04
STT,State Street Corporation,Financials,Asset Management & Custody Banks,STT,STT,2026-05-04
STLD,Steel Dynamics,Materials,Steel,STLD,STLD,2026-05-04
STE,Steris,Health Care,Health Care Equipment,STE,STE,2026-05-04
SYK,Stryker Corporation,Health Care,Health Care Equipment,SYK,SYK,2026-05-04
SMCI,Supermicro,Information Technology,"Technology Hardware, Storage & Peripherals",SMCI,SMCI,2026-05-04
SYF,Synchrony Financial,Financials,Consumer Finance,SYF,SYF,2026-05-04
SNPS,Synopsys,Information Technology,Application Software,SNPS,SNPS,2026-05-04
SYY,Sysco,Consumer Staples,Food Distributors,SYY,SYY,2026-05-04
TMUS,T-Mobile US,Communication Services,Wireless Telecommunication Services,TMUS,TMUS,2026-05-04
TROW,T. Rowe Price,Financials,Asset Management & Custody Banks,TROW,TROW,2026-05-04
TTWO,Take-Two Interactive,Communication Services,Interactive Home Entertainment,TTWO,TTWO,2026-05-04
TPR,"Tapestry, Inc.",Consumer Discretionary,"Apparel, Accessories & Luxury Goods",TPR,TPR,2026-05-04
TRGP,Targa Resources,Energy,Oil & Gas Storage & Transportation,TRGP,TRGP,2026-05-04
TGT,Target Corporation,Consumer Staples,Consumer Staples Merchandise Retail,TGT,TGT,2026-05-04
TEL,TE Connectivity,Information Technology,Electronic Manufacturing Services,TEL,TEL,2026-05-04
TDY,Teledyne Technologies,Information Technology,Electronic Equipment & Instruments,TDY,TDY,2026-05-04
TER,Teradyne,Information Technology,Semiconductor Materials & Equipment,TER,TER,2026-05-04
TSLA,"Tesla, Inc.",Consumer Discretionary,Automobile Manufacturers,TSLA,TSLA,2026-05-04
TXN,Texas Instruments,Information Technology,Semiconductors,TXN,TXN,2026-05-04
TPL,Texas Pacific Land Corporation,Energy,Oil & Gas Exploration & Production,TPL,TPL,2026-05-04
TXT,Textron,Industrials,Aerospace & Defense,TXT,TXT,2026-05-04
TMO,Thermo Fisher Scientific,Health Care,Life Sciences Tools & Services,TMO,TMO,2026-05-04
TJX,TJX Companies,Consumer Discretionary,Apparel Retail,TJX,TJX,2026-05-04
TKO,TKO Group Holdings,Communication Services,Movies & Entertainment,TKO,TKO,2026-05-04
TTD,Trade Desk (The),Communication Services,Advertising,TTD,TTD,2026-05-04
TSCO,Tractor Supply,Consumer Discretionary,Other Specialty Retail,TSCO,TSCO,2026-05-04
TT,Trane Technologies,Industrials,Building Products,TT,TT,2026-05-04
TDG,TransDigm Group,Industrials,Aerospace & Defense,TDG,TDG,2026-05-04
TRV,Travelers Companies (The),Financials,Property & Casualty Insurance,TRV,TRV,2026-05-04
TRMB,Trimble Inc.,Information Technology,Electronic Equipment & Instruments,TRMB,TRMB,2026-05-04
TFC,Truist Financial,Financials,Diversified Banks,TFC,TFC,2026-05-04
TYL,Tyler Technologies,Information Technology,Application Software,TYL,TYL,2026-05-04
TSN,Tyson Foods,Consumer Staples,Packaged Foods & Meats,TSN,TSN,2026-05-04
USB,U.S. Bancorp,Financials,Diversified Banks,USB,USB,2026-05-04
UBER,Uber,Industrials,Passenger Ground Transportation,UBER,UBER,2026-05-04
UDR,"UDR, Inc.",Real Estate,Multi-Family Residential REITs,UDR,UDR,2026-05-04
ULTA,Ulta Beauty,Consumer Discretionary,Other Specialty Retail,ULTA,ULTA,2026-05-04
UNP,Union Pacific Corporation,Industrials,Rail Transportation,UNP,UNP,2026-05-04
UAL,United Airlines Holdings,Industrials,Passenger Airlines,UAL,UAL,2026-05-04
UPS,United Parcel Service,Industrials,Air Freight & Logistics,UPS,UPS,2026-05-04
URI,United Rentals,Industrials,Trading Companies & Distributors,URI,URI,2026-05-04
UNH,UnitedHealth Group,Health Care,Managed Health Care,UNH,UNH,2026-05-04
UHS,Universal Health Services,Health Care,Health Care Facilities,UHS,UHS,2026-05-04
VLO,Valero Energy,Energy,Oil & Gas Refining & Marketing,VLO,VLO,2026-05-04
VTR,Ventas,Real Estate,Health Care REITs,VTR,VTR,2026-05-04
VLTO,Veralto,Industrials,Environmental & Facilities Services,VLTO,VLTO,2026-05-04
VRSN,Verisign,Information Technology,Internet Services & Infrastructure,VRSN,VRSN,2026-05-04
VRSK,Verisk Analytics,Industrials,Research & Consulting Services,VRSK,VRSK,2026-05-04
VZ,Verizon,Communication Services,Integrated Telecommunication Services,VZ,VZ,2026-05-04
VRTX,Vertex Pharmaceuticals,Health Care,Biotechnology,VRTX,VRTX,2026-05-04
VTRS,Viatris,Health Care,Pharmaceuticals,VTRS,VTRS,2026-05-04
VICI,Vici Properties,Real Estate,Hotel & Resort REITs,VICI,VICI,2026-05-04
V,Visa Inc.,Financials,Transaction & Payment Processing Services,V,V,2026-05-04
VST,Vistra Corp.,Utilities,Electric Utilities,VST,VST,2026-05-04
VMC,Vulcan Materials Company,Materials,Construction Materials,VMC,VMC,2026-05-04
WRB,W. R. Berkley Corporation,Financials,Property & Casualty Insurance,WRB,WRB,2026-05-04
GWW,W. W. Grainger,Industrials,Industrial Machinery & Supplies & Components,GWW,GWW,2026-05-04
WAB,Wabtec,Industrials,Construction Machinery & Heavy Transportation Equipment,WAB,WAB,2026-05-04
WBA,Walgreens Boots Alliance,Consumer Staples,Drug Retail,WBA,WBA,2026-05-04
WMT,Walmart,Consumer Staples,Consumer Staples Merchandise Retail,WMT,WMT,2026-05-04
DIS,Walt Disney Company (The),Communication Services,Movies & Entertainment,DIS,DIS,2026-05-04
WBD,Warner Bros. Discovery,Communication Services,Broadcasting,WBD,WBD,2026-05-04
WM,Waste Management,Industrials,Environmental & Facilities Services,WM,WM,2026-05-04
WAT,Waters Corporation,Health Care,Life Sciences Tools & Services,WAT,WAT,2026-05-04
WEC,WEC Energy Group,Utilities,Electric Utilities,WEC,WEC,2026-05-04
WFC,Wells Fargo,Financials,Diversified Banks,WFC,WFC,2026-05-04
WELL,Welltower,Real Estate,Health Care REITs,WELL,WELL,2026-05-04
WST,West Pharmaceutical Services,Health Care,Health Care Supplies,WST,WST,2026-05-04
WDC,Western Digital,Information Technology,"Technology Hardware, Storage & Peripherals",WDC,WDC,2026-05-04
WY,Weyerhaeuser,Real Estate,Timber REITs,WY,WY,2026-05-04
WSM,"Williams-Sonoma, Inc.",Consumer Discretionary,Homefurnishing Retail,WSM,WSM,2026-05-04
WMB,Williams Companies,Energy,Oil & Gas Storage & Transportation,WMB,WMB,2026-05-04
WTW,Willis Towers Watson,Financials,Insurance Brokers,WTW,WTW,2026-05-04
WDAY,"Workday, Inc.",Information Technology,Application Software,WDAY,WDAY,2026-05-04
WYNN,Wynn Resorts,Consumer Discretionary,Casinos & Gaming,WYNN,WYNN,2026-05-04
XEL,Xcel Energy,Utilities,Multi-Utilities,XEL,XEL,2026-05-04
XYL,Xylem Inc.,Industrials,Industrial Machinery & Supplies & Components,XYL,XYL,2026-05-04
YUM,Yum! Brands,Consumer Discretionary,Restaurants,YUM,YUM,2026-05-04
ZBRA,Zebra Technologies,Information Technology,Electronic Equipment & Instruments,ZBRA,ZBRA,2026-05-04
ZBH,Zimmer Biomet,Health Care,Health Care Equipment,ZBH,ZBH,2026-05-04
ZTS,Zoetis,Health Care,Pharmaceuticals,ZTS,ZTS,2026-05-04